"marke";"erstzulassung";"kmstand";"kraftstoff";"hubraum";"ps";"haendler";"automatik";"besitzer";"preis"
"H";2011;320000;"Diesel";2179;122;"Nein";"Nein";"Mehr als zweite Hand";4400
"J";2009;120000;"Benzin";1197;87;"Nein";"Nein";"Erste Hand";2200
"I";2013;125000;"Diesel";1582;128;"Nein";"Nein";"Mehr als zweite Hand";5225
"J";2001;60000;"Benzin";796;38;"Nein";"Nein";"Zweite Hand";495
"G";2017;35000;"Diesel";1497;110;"Nein";"Nein";"Erste Hand";9130
"G";2004;40000;"Diesel";1405;63;"Nein";"Nein";"Zweite Hand";1100
"E";2017;37151;"Diesel";1498;100;"Ja";"Nein";"Erste Hand";5775
"I";2017;48000;"Diesel";1396;90;"Nein";"Nein";"Erste Hand";7370
"J";2012;110000;"Benzin";1196;74;"Nein";"Nein";"Erste Hand";2090
"H";2018;60000;"Diesel";2523;76;"Nein";"Nein";"Erste Hand";9900
"J";2015;80000;"Benzin";998;68;"Nein";"Nein";"Zweite Hand";2640
"J";2009;70000;"Diesel";1248;75;"Nein";"Nein";"Zweite Hand";2640
"C";2013;139000;"Diesel";936;58;"Nein";"Nein";"Erste Hand";1375
"I";2012;76000;"Benzin";1197;80;"Nein";"Nein";"Mehr als zweite Hand";2310
"G";2007;110000;"Benzin";2092;129;"Nein";"Nein";"Zweite Hand";3300
"J";2009;70000;"Benzin";1061;68;"Nein";"Nein";"Zweite Hand";1562
"J";2014;60000;"Benzin";998;68;"Nein";"Nein";"Zweite Hand";2530
"G";2018;23000;"Benzin";1199;85;"Nein";"Nein";"Erste Hand";6050
"J";2012;100000;"Diesel";1248;75;"Nein";"Nein";"Zweite Hand";6875
"G";2006;175000;"Diesel";2179;140;"Nein";"Nein";"Zweite Hand";3300
"I";2006;90000;"Benzin";1599;105;"Nein";"Nein";"Mehr als zweite Hand";1870
"J";2005;45000;"Benzin";796;47;"Nein";"Nein";"Zweite Hand";1210
"E";2010;100000;"Benzin";1497;120;"Nein";"Nein";"Mehr als zweite Hand";3300
"I";2015;55000;"Benzin";1197;80;"Nein";"Nein";"Erste Hand";3080
"G";2011;110000;"Benzin";1368;91;"Nein";"Nein";"Zweite Hand";2750
"J";2018;12000;"Benzin";1197;83;"Nein";"Nein";"Erste Hand";5885
"J";2015;29000;"Benzin";998;68;"Nein";"Nein";"Erste Hand";3465
"E";2019;1303;"Benzin";1198;88;"Ja";"Nein";"Erste Hand";7590
"J";2005;39000;"Benzin";796;47;"Nein";"Nein";"Erste Hand";605
"J";2013;67000;"Diesel";1248;75;"Ja";"Nein";"Zweite Hand";4950
"J";2010;110000;"Benzin";1061;65;"Nein";"Nein";"Zweite Hand";2200
"J";2013;60000;"Benzin";796;48;"Nein";"Nein";"Erste Hand";2970
"I";2017;45500;"Diesel";1582;128;"Nein";"Nein";"Zweite Hand";8800
"J";2011;64500;"Benzin";998;68;"Nein";"Nein";"Erste Hand";2640
"I";2016;25000;"Benzin";1591;123;"Nein";"Nein";"Erste Hand";9350
"H";2016;70000;"Diesel";2523;64;"Nein";"Nein";"Erste Hand";6600
"G";2014;168000;"Diesel";1248;75;"Nein";"Nein";"Zweite Hand";2640
"B";2019;21000;"Benzin";799;54;"Nein";"Nein";"Erste Hand";3190
"J";2011;120000;"Benzin";796;38;"Nein";"Nein";"Zweite Hand";1100
"J";2009;90000;"Benzin";796;47;"Nein";"Nein";"Zweite Hand";935
"I";2013;25000;"Benzin";1197;84;"Nein";"Nein";"Erste Hand";4180
"J";2016;20000;"Benzin";1373;92;"Nein";"Nein";"Erste Hand";9350
"J";2016;30000;"Diesel";1248;75;"Nein";"Nein";"Erste Hand";6171
"J";2013;40000;"Diesel";1248;75;"Nein";"Nein";"Erste Hand";5830
"I";2017;29000;"Diesel";1186;75;"Ja";"Nein";"Zweite Hand";5775
"J";2016;33500;"Diesel";1248;90;"Nein";"Nein";"Erste Hand";9075
"G";2015;110000;"Diesel";2179;150;"Nein";"Nein";"Erste Hand";5533
"J";2019;7200;"Benzin";998;102;"Nein";"Nein";"Erste Hand";8580
"I";2016;60000;"Diesel";1582;128;"Nein";"Nein";"Erste Hand";8844
"J";2015;70000;"Diesel";1248;75;"Nein";"Nein";"Erste Hand";5720
"G";2012;90000;"Diesel";1396;71;"Nein";"Nein";"Erste Hand";2200
"A";2012;120000;"Diesel";1598;105;"Nein";"Nein";"Zweite Hand";3080
"G";2013;80000;"Diesel";1248;90;"Nein";"Nein";"Erste Hand";3080
"I";2016;30000;"Benzin";814;56;"Nein";"Nein";"Erste Hand";3740
"G";2016;70000;"Diesel";1047;70;"Nein";"Nein";"Erste Hand";4180
"J";2010;162000;"Benzin";998;67;"Nein";"Nein";"Zweite Hand";1430
"G";2017;70000;"Diesel";1248;75;"Nein";"Nein";"Erste Hand";5940
"J";2018;21147;"Benzin";1197;84;"Ja";"Ja";"Erste Hand";8525
"I";2007;110000;"Diesel";1493;112;"Nein";"Nein";"Zweite Hand";2750
"F";2011;291000;"Diesel";2494;103;"Nein";"Nein";"Zweite Hand";8250
"H";2007;110000;"Diesel";2523;64;"Nein";"Nein";"Mehr als zweite Hand";2695
"F";2016;68089;"Benzin";2494;160;"Ja";"Ja";"Erste Hand";22000
"J";2018;38817;"Diesel";1248;75;"Ja";"Nein";"Erste Hand";8140
"H";2019;59872;"Diesel";2523;63;"Nein";"Nein";"Erste Hand";8250
"G";2015;110000;"Diesel";2179;150;"Nein";"Nein";"Erste Hand";5533
"J";2008;58632;"Benzin";796;35;"Ja";"Nein";"Zweite Hand";1265
"G";2009;113000;"Benzin";1193;66;"Nein";"Nein";"Erste Hand";1210
"H";2015;80000;"Diesel";2179;122;"Nein";"Nein";"Zweite Hand";10450
"F";2014;50000;"Diesel";1364;68;"Nein";"Nein";"Erste Hand";4675
"J";2005;80000;"Benzin";1298;86;"Nein";"Nein";"Mehr als zweite Hand";1023
"F";2006;305000;"Diesel";2494;103;"Nein";"Nein";"Mehr als zweite Hand";4070
"F";2015;170000;"Diesel";2494;102;"Nein";"Nein";"Erste Hand";15400
"I";2010;120000;"Diesel";1396;91;"Nein";"Nein";"Mehr als zweite Hand";2365
"I";2012;25000;"Benzin";814;56;"Nein";"Nein";"Erste Hand";2750
"J";2012;72000;"Diesel";1248;90;"Nein";"Nein";"Erste Hand";6600
"G";2012;28000;"Benzin";624;38;"Nein";"Nein";"Zweite Hand";495
"A";2016;60000;"Diesel";1498;110;"Ja";"Nein";"Erste Hand";6501
"I";2009;70000;"Benzin";1197;80;"Nein";"Nein";"Zweite Hand";2189
"H";2009;90000;"Diesel";2498;114;"Nein";"Nein";"Zweite Hand";3300
"I";2012;182000;"Diesel";1396;90;"Nein";"Nein";"Zweite Hand";4400
"I";2011;98000;"Benzin";1197;81;"Nein";"Nein";"Erste Hand";3850
"D";2013;100000;"Diesel";1399;69;"Nein";"Nein";"Erste Hand";2640
"C";2013;90000;"Diesel";2499;73;"Nein";"Nein";"Erste Hand";6600
"J";2019;6500;"Diesel";1248;90;"Nein";"Ja";"Erste Hand";9460
"G";2010;100000;"Diesel";1248;76;"Nein";"Nein";"Zweite Hand";1221
"I";2012;77000;"Diesel";1582;128;"Nein";"Nein";"Erste Hand";4752
"I";2013;60000;"Diesel";1396;90;"Nein";"Nein";"Erste Hand";4675
"I";2015;40000;"Benzin";814;56;"Nein";"Nein";"Erste Hand";2310
"J";2016;40000;"Benzin";998;68;"Nein";"Nein";"Erste Hand";3355
"G";2011;120000;"Diesel";1405;71;"Nein";"Nein";"Erste Hand";2310
"J";2002;80000;"Benzin";998;68;"Nein";"Nein";"Zweite Hand";1540
"H";2012;80000;"Diesel";2523;64;"Nein";"Nein";"Zweite Hand";3520
"J";2003;90000;"Benzin";796;38;"Nein";"Nein";"Mehr als zweite Hand";715
"H";2007;99000;"Diesel";1461;66;"Nein";"Nein";"Zweite Hand";1925
"I";2017;34152;"Benzin";1197;83;"Ja";"Nein";"Erste Hand";5005
"I";2015;60000;"Diesel";1582;128;"Nein";"Nein";"Erste Hand";10615
"H";2007;187000;"Diesel";1461;66;"Nein";"Nein";"Zweite Hand";1980
"E";2013;100000;"Diesel";1498;100;"Nein";"Nein";"Erste Hand";4895
"J";2004;57000;"Benzin";796;38;"Nein";"Nein";"Zweite Hand";440
"J";2020;15000;"Benzin";796;48;"Nein";"Nein";"Erste Hand";4070
"J";2012;100000;"Diesel";1248;75;"Nein";"Nein";"Erste Hand";4400
"J";2017;27000;"Benzin";1373;92;"Nein";"Nein";"Erste Hand";9350
"I";2014;60000;"Benzin";814;56;"Nein";"Nein";"Zweite Hand";2090
"J";2007;160000;"Benzin";998;68;"Nein";"Nein";"Mehr als zweite Hand";935
"C";2016;67600;"Diesel";1998;166;"Nein";"Ja";"Erste Hand";8250
"C";2009;110000;"Benzin";995;64;"Nein";"Nein";"Mehr als zweite Hand";660
"J";2017;24522;"Benzin";1197;83;"Ja";"Nein";"Erste Hand";6600
"J";2016;80000;"Diesel";1248;90;"Nein";"Nein";"Zweite Hand";7150
"H";2011;162000;"Diesel";2523;64;"Nein";"Nein";"Zweite Hand";3575
"C";2016;67600;"Diesel";1998;166;"Nein";"Ja";"Erste Hand";8250
"G";2011;80000;"Diesel";1405;72;"Nein";"Nein";"Erste Hand";2200
"F";2016;120000;"Diesel";2393;150;"Nein";"Nein";"Erste Hand";18590
"A";2012;90000;"Diesel";1598;105;"Nein";"Nein";"Erste Hand";4125
"H";2019;25000;"Diesel";1493;101;"Nein";"Nein";"Erste Hand";9625
"E";2016;56494;"Benzin";1199;90;"Ja";"Nein";"Erste Hand";6050
"I";2008;60000;"Benzin";1197;80;"Nein";"Nein";"Zweite Hand";1540
"J";2016;70000;"Diesel";1248;90;"Nein";"Nein";"Erste Hand";7040
"F";2018;20000;"Diesel";2755;174;"Ja";"Ja";"Erste Hand";19800
"G";2020;5000;"Benzin";1198;110;"Nein";"Ja";"Erste Hand";10450
"D";2019;7000;"Benzin";1194;96;"Nein";"Nein";"Erste Hand";7425
"B";2013;120000;"Diesel";1461;110;"Nein";"Nein";"Zweite Hand";7150
"J";2012;99000;"Benzin";1586;105;"Nein";"Nein";"Zweite Hand";2860
"H";2019;25000;"Diesel";2179;155;"Nein";"Ja";"Zweite Hand";18150
"H";2010;78000;"Diesel";2523;64;"Nein";"Nein";"Erste Hand";4950
"H";2012;120000;"Diesel";2179;122;"Nein";"Ja";"Mehr als zweite Hand";4840
"D";2007;97000;"Benzin";1388;69;"Nein";"Nein";"Erste Hand";1562
"G";2013;120000;"Benzin";1193;65;"Nein";"Nein";"Erste Hand";2310
"I";2012;90000;"Benzin";1086;63;"Nein";"Nein";"Zweite Hand";2200
"J";2017;35000;"Benzin";796;48;"Nein";"Nein";"Erste Hand";3410
"C";2011;30000;"Benzin";995;63;"Nein";"Nein";"Erste Hand";1650
"E";2019;7032;"Benzin";1199;90;"Ja";"Ja";"Erste Hand";8569
"D";2011;80000;"Diesel";1399;69;"Nein";"Nein";"Mehr als zweite Hand";1705
"F";2015;120000;"Diesel";2494;102;"Nein";"Nein";"Erste Hand";14300
"G";2009;120000;"Diesel";1396;70;"Nein";"Nein";"Mehr als zweite Hand";1540
"J";2019;15000;"Diesel";1248;90;"Nein";"Nein";"Erste Hand";10230
"A";2019;10000;"Benzin";1198;75;"Ja";"Nein";"Erste Hand";7040
"J";2015;67000;"Benzin";998;68;"Nein";"Nein";"Erste Hand";2915
"G";2017;30000;"Benzin";1199;85;"Nein";"Nein";"Erste Hand";4180
"J";2009;120000;"Benzin";1061;68;"Nein";"Nein";"Erste Hand";2420
"G";2008;120000;"Diesel";1396;70;"Nein";"Nein";"Zweite Hand";1540
"C";2013;96272;"Diesel";936;58;"Nein";"Nein";"Erste Hand";2310
"H";2017;120000;"Diesel";1493;71;"Nein";"Nein";"Erste Hand";7150
"I";2012;100000;"Diesel";1582;128;"Nein";"Nein";"Zweite Hand";4675
"G";2017;26000;"Benzin";1199;85;"Nein";"Nein";"Erste Hand";4400
"H";2014;117000;"Diesel";2179;142;"Nein";"Nein";"Mehr als zweite Hand";7139
"H";2018;35000;"Diesel";2498;106;"Nein";"Nein";"Erste Hand";9900
"H";2015;24700;"Diesel";2179;142;"Nein";"Nein";"Erste Hand";11000
"J";2002;60000;"Benzin";1298;81;"Nein";"Nein";"Erste Hand";3850
"C";2016;110000;"Diesel";1248;75;"Nein";"Nein";"Zweite Hand";4620
"F";2011;70000;"Benzin";1496;90;"Nein";"Nein";"Erste Hand";3795
"J";2011;80000;"Benzin";998;68;"Nein";"Nein";"Erste Hand";2200
"C";2014;51000;"Benzin";1199;84;"Nein";"Nein";"Erste Hand";3300
"H";2012;120000;"Diesel";2179;122;"Nein";"Nein";"Zweite Hand";4950
"J";2017;70000;"Benzin";1373;92;"Nein";"Nein";"Zweite Hand";7150
"F";2013;79328;"Diesel";2494;102;"Ja";"Nein";"Zweite Hand";8250
"C";2015;50000;"Benzin";1199;84;"Nein";"Nein";"Erste Hand";3850
"J";2018;25000;"Benzin";1373;92;"Nein";"Nein";"Erste Hand";7920
"J";2016;5800;"Benzin";998;68;"Nein";"Nein";"Zweite Hand";4950
"I";2016;20000;"Benzin";1591;123;"Nein";"Nein";"Erste Hand";8360
"J";2013;180000;"Diesel";1248;75;"Nein";"Nein";"Zweite Hand";4235
"I";2011;90000;"Diesel";1396;91;"Nein";"Nein";"Mehr als zweite Hand";3850
"A";2013;80000;"Diesel";1199;75;"Nein";"Nein";"Erste Hand";3850
"H";2017;40000;"Diesel";1198;78;"Nein";"Nein";"Erste Hand";7590
"D";2005;15858;"Benzin";1299;71;"Nein";"Nein";"Erste Hand";1650
"J";2010;150000;"Benzin";796;47;"Nein";"Nein";"Mehr als zweite Hand";935
"I";2016;40000;"Diesel";1396;90;"Nein";"Nein";"Erste Hand";9625
"H";2016;50000;"Diesel";1493;101;"Nein";"Nein";"Erste Hand";7700
"A";2018;40000;"Diesel";1498;89;"Ja";"Nein";"Erste Hand";7150
"D";2009;115000;"Diesel";1399;69;"Nein";"Nein";"Zweite Hand";1760
"I";2019;30000;"Benzin";1086;69;"Nein";"Nein";"Erste Hand";4620
"J";2011;185000;"Diesel";1248;75;"Nein";"Nein";"Mehr als zweite Hand";2035
"I";2015;90000;"Diesel";1582;128;"Nein";"Nein";"Erste Hand";10769
"I";2013;68697;"Benzin";814;56;"Nein";"Nein";"Mehr als zweite Hand";2200
"J";2003;35000;"Benzin";796;38;"Nein";"Nein";"Zweite Hand";385
"H";2018;25000;"Diesel";2179;155;"Nein";"Nein";"Erste Hand";13200
"G";2018;35000;"Diesel";2179;156;"Nein";"Nein";"Erste Hand";14300
"I";2016;80000;"Benzin";1591;123;"Nein";"Ja";"Zweite Hand";8800
"J";2017;127000;"Diesel";1248;75;"Nein";"Nein";"Erste Hand";6655
"J";2015;20000;"Benzin";796;48;"Nein";"Nein";"Erste Hand";2585
"I";2019;3500;"Benzin";998;120;"Ja";"Ja";"Erste Hand";12375
"C";2014;50000;"Benzin";1199;84;"Nein";"Nein";"Erste Hand";3300
"I";2016;80000;"Diesel";1396;90;"Nein";"Nein";"Erste Hand";8800
"H";2016;100000;"Diesel";1493;101;"Nein";"Nein";"Erste Hand";7150
"J";2009;138000;"Diesel";1248;75;"Nein";"Nein";"Zweite Hand";2035
"I";2018;35000;"Diesel";1396;90;"Nein";"Nein";"Erste Hand";8580
"J";2012;51000;"Benzin";796;38;"Nein";"Nein";"Erste Hand";1100
"E";2017;20000;"Benzin";1497;119;"Nein";"Ja";"Erste Hand";12100
"I";2018;38426;"Benzin";1197;83;"Nein";"Nein";"Erste Hand";6820
"J";2011;90000;"Benzin";998;68;"Nein";"Nein";"Erste Hand";1815
"I";2014;30528;"Benzin";1197;83;"Ja";"Nein";"Erste Hand";5170
"J";2017;80000;"Benzin";796;48;"Nein";"Nein";"Erste Hand";3245
"J";2018;30000;"Benzin";796;35;"Nein";"Nein";"Erste Hand";2860
"I";2017;50000;"Diesel";1186;75;"Nein";"Nein";"Erste Hand";6875
"J";2017;20000;"Benzin";796;48;"Nein";"Nein";"Erste Hand";3630
"B";2016;10000;"Benzin";799;54;"Nein";"Nein";"Erste Hand";3190
"D";2015;143000;"Diesel";1498;100;"Nein";"Nein";"Erste Hand";4400
"J";2017;35000;"Diesel";1248;75;"Nein";"Nein";"Erste Hand";5500
"J";2012;175000;"Diesel";1248;75;"Nein";"Nein";"Mehr als zweite Hand";4070
"I";2013;60000;"Diesel";1396;90;"Nein";"Nein";"Zweite Hand";5060
"J";2019;9000;"Benzin";998;68;"Ja";"Ja";"Erste Hand";5170
"G";2017;40000;"Benzin";1199;85;"Nein";"Nein";"Erste Hand";5423
"I";2017;27000;"Diesel";1582;128;"Nein";"Nein";"Zweite Hand";12650
"I";2018;55000;"Benzin";1591;123;"Nein";"Ja";"Erste Hand";15180
"J";2014;68000;"Diesel";1248;75;"Nein";"Nein";"Erste Hand";7150
"C";2013;70000;"Diesel";1248;75;"Nein";"Nein";"Zweite Hand";4180
"G";2017;110000;"Diesel";1047;70;"Nein";"Nein";"Erste Hand";4620
"G";2013;100000;"Diesel";1248;90;"Nein";"Nein";"Erste Hand";3575
"J";2013;60000;"Benzin";796;48;"Nein";"Nein";"Zweite Hand";1870
"J";2017;100000;"Diesel";1248;90;"Nein";"Nein";"Zweite Hand";8800
"J";2017;61000;"Diesel";1248;75;"Nein";"Nein";"Erste Hand";6820
"J";2007;120000;"Benzin";796;47;"Nein";"Nein";"Zweite Hand";1320
"J";2017;28000;"Diesel";1248;75;"Ja";"Nein";"Erste Hand";8272
"E";2019;7032;"Benzin";1199;90;"Ja";"Ja";"Erste Hand";8569
"J";2016;66000;"Diesel";1248;90;"Ja";"Nein";"Erste Hand";7975
"G";2018;22966;"Benzin";1199;86;"Ja";"Nein";"Erste Hand";4950
"D";2015;109000;"Diesel";1498;91;"Ja";"Nein";"Erste Hand";7535
"C";2011;41000;"Benzin";995;63;"Nein";"Nein";"Erste Hand";1859
"E";2014;140000;"Diesel";1498;100;"Nein";"Nein";"Erste Hand";7150
"J";2014;30000;"Benzin";796;48;"Nein";"Nein";"Zweite Hand";2530
"E";2017;28000;"Benzin";1497;119;"Nein";"Nein";"Erste Hand";9460
"J";2012;35000;"Benzin";998;68;"Nein";"Nein";"Erste Hand";2640
"J";2005;70000;"Benzin";796;47;"Nein";"Nein";"Mehr als zweite Hand";1375
"J";2015;14000;"Diesel";1248;90;"Nein";"Nein";"Erste Hand";8250
"H";2020;44665;"Diesel";1198;78;"Nein";"Nein";"Erste Hand";5280
"H";2018;6000;"Benzin";1198;83;"Nein";"Nein";"Erste Hand";7150
"H";2019;18000;"Diesel";2179;155;"Nein";"Nein";"Erste Hand";17325
"J";2004;100000;"Benzin";796;47;"Nein";"Nein";"Zweite Hand";1100
"I";2017;52000;"Benzin";1197;83;"Nein";"Nein";"Erste Hand";4730
"A";2016;70000;"Diesel";1498;89;"Nein";"Nein";"Erste Hand";6050
"J";2013;37500;"Diesel";1248;90;"Nein";"Nein";"Zweite Hand";7480
"H";2016;120000;"Diesel";2523;63;"Nein";"Nein";"Erste Hand";6050
"D";2018;50000;"Diesel";1498;100;"Nein";"Nein";"Mehr als zweite Hand";4092
"D";2015;70670;"Benzin";1499;112;"Ja";"Ja";"Erste Hand";6875
"I";2013;110000;"Diesel";1396;90;"Nein";"Nein";"Zweite Hand";4180
"J";2009;58000;"Benzin";796;47;"Nein";"Nein";"Erste Hand";1320
"H";2015;110000;"Diesel";2523;63;"Nein";"Nein";"Zweite Hand";5940
"A";2020;5000;"Benzin";999;110;"Nein";"Nein";"Erste Hand";8888
"F";2016;68089;"Benzin";2494;160;"Ja";"Ja";"Erste Hand";22000
"I";2018;20000;"Benzin";1197;83;"Nein";"Nein";"Erste Hand";6270
"J";2010;60000;"Benzin";1298;87;"Nein";"Nein";"Zweite Hand";2640
"A";2012;74000;"Diesel";1199;75;"Nein";"Nein";"Zweite Hand";3850
"I";2012;110000;"Diesel";1582;128;"Nein";"Nein";"Zweite Hand";6490
"J";2007;90000;"Benzin";796;47;"Nein";"Nein";"Zweite Hand";1100
"C";2012;90000;"Diesel";936;58;"Nein";"Nein";"Erste Hand";1870
"I";2014;100000;"Benzin";1086;69;"Nein";"Nein";"Erste Hand";3300
"J";2019;70000;"Diesel";1248;75;"Nein";"Nein";"Erste Hand";6138
"J";2018;25000;"Diesel";1248;75;"Nein";"Nein";"Erste Hand";7920
"I";2009;90000;"Diesel";1493;112;"Nein";"Nein";"Zweite Hand";2310
"E";2012;97000;"Benzin";1198;88;"Nein";"Nein";"Zweite Hand";2750
"D";2012;87237;"Diesel";1399;69;"Ja";"Nein";"Zweite Hand";2475
"G";2018;75000;"Benzin";1199;85;"Nein";"Nein";"Erste Hand";4950
"I";2012;100000;"Diesel";1582;128;"Nein";"Nein";"Zweite Hand";4290
"J";2013;77000;"Diesel";1248;75;"Ja";"Nein";"Erste Hand";4290
"J";2011;20000;"Benzin";998;68;"Nein";"Nein";"Erste Hand";2475
"J";2018;90000;"Diesel";1248;75;"Nein";"Ja";"Erste Hand";7370
"G";2020;40000;"Benzin";1193;90;"Nein";"Nein";"Erste Hand";5500
"J";2006;90000;"Benzin";796;47;"Nein";"Nein";"Erste Hand";1760
"J";2001;5000;"Benzin";796;38;"Nein";"Nein";"Zweite Hand";495
"A";2019;7000;"Benzin";999;76;"Nein";"Nein";"Erste Hand";6215
"I";2020;5000;"Benzin";1197;83;"Nein";"Ja";"Erste Hand";7425
"I";2011;120000;"Diesel";1396;91;"Nein";"Nein";"Mehr als zweite Hand";2750
"I";2014;25000;"Benzin";1197;83;"Nein";"Nein";"Erste Hand";4675
"H";2018;30000;"Diesel";1198;78;"Nein";"Nein";"Erste Hand";7700
"H";2013;49700;"Diesel";2179;142;"Nein";"Nein";"Erste Hand";10450
"I";2017;50000;"Benzin";814;56;"Nein";"Nein";"Zweite Hand";3080
"H";2014;50000;"Diesel";1461;66;"Nein";"Nein";"Zweite Hand";2750
"G";2017;35000;"Benzin";1193;90;"Nein";"Nein";"Erste Hand";3850
"D";2013;70000;"Diesel";1399;69;"Nein";"Nein";"Zweite Hand";2695
"J";2011;36000;"Benzin";1196;74;"Nein";"Nein";"Zweite Hand";2750
"J";2016;20000;"Benzin";1197;83;"Nein";"Nein";"Erste Hand";5720
"I";2015;55000;"Diesel";1120;72;"Ja";"Nein";"Erste Hand";4301
"G";2009;75000;"Benzin";1368;91;"Nein";"Nein";"Zweite Hand";1650
"E";2013;50000;"Diesel";1498;100;"Nein";"Nein";"Erste Hand";5335
"E";2009;70000;"Benzin";1799;132;"Nein";"Nein";"Erste Hand";2640
"G";2005;188000;"Diesel";1948;91;"Nein";"Nein";"Erste Hand";2475
"F";2013;35000;"Diesel";2494;102;"Nein";"Nein";"Erste Hand";4400
"J";2013;110000;"Diesel";1248;90;"Nein";"Nein";"Erste Hand";5467
"A";2014;84000;"Diesel";1498;90;"Nein";"Nein";"Zweite Hand";3300
"B";2019;5000;"Benzin";999;73;"Nein";"Nein";"Erste Hand";7150
"H";2009;170000;"Diesel";2523;64;"Nein";"Nein";"Zweite Hand";4400
"I";2017;30000;"Benzin";814;56;"Nein";"Nein";"Erste Hand";3740
"H";2014;120000;"Diesel";2179;142;"Nein";"Nein";"Zweite Hand";10780
"I";2017;39000;"Diesel";1396;90;"Nein";"Nein";"Erste Hand";8800
"H";2017;70000;"Diesel";2523;64;"Nein";"Nein";"Erste Hand";7700
"I";2012;25000;"Benzin";1197;80;"Nein";"Nein";"Erste Hand";3850
"J";2012;110000;"Diesel";1248;75;"Nein";"Nein";"Erste Hand";3740
"J";2016;86000;"Diesel";1248;90;"Nein";"Nein";"Erste Hand";7700
"D";2015;25000;"Benzin";1499;112;"Nein";"Nein";"Erste Hand";8800
"J";2018;69779;"Benzin";1197;83;"Ja";"Ja";"Erste Hand";6600
"G";2018;60000;"Diesel";1248;75;"Nein";"Nein";"Erste Hand";5929
"E";2016;56494;"Benzin";1199;90;"Ja";"Nein";"Erste Hand";6050
"I";2018;40000;"Benzin";1197;83;"Nein";"Nein";"Erste Hand";5280
"J";2019;15000;"Benzin";998;68;"Nein";"Nein";"Erste Hand";4026
"I";2015;45000;"Benzin";814;56;"Nein";"Nein";"Erste Hand";3300
"H";2018;35000;"Diesel";1497;123;"Nein";"Nein";"Erste Hand";13200
"J";2017;60000;"Diesel";1248;75;"Nein";"Nein";"Erste Hand";7359
"E";2010;110000;"Benzin";1497;118;"Nein";"Ja";"Mehr als zweite Hand";4510
"J";2005;100000;"Benzin";796;47;"Nein";"Nein";"Mehr als zweite Hand";990
"G";2013;110000;"Diesel";1405;71;"Nein";"Nein";"Erste Hand";1760
"E";2016;56494;"Benzin";1199;90;"Ja";"Nein";"Erste Hand";6050
"G";2002;120000;"Diesel";2956;84;"Nein";"Nein";"Erste Hand";1056
"J";2009;144000;"Diesel";1248;75;"Nein";"Nein";"Zweite Hand";1980
"I";2012;83000;"Benzin";1591;123;"Nein";"Ja";"Erste Hand";5225
"I";2014;80000;"Benzin";1197;83;"Nein";"Nein";"Zweite Hand";4400
"D";2009;70000;"Diesel";2499;145;"Nein";"Nein";"Mehr als zweite Hand";5280
"E";2016;56494;"Benzin";1199;90;"Ja";"Nein";"Erste Hand";6050
"J";2012;100000;"Benzin";796;48;"Nein";"Nein";"Erste Hand";2420
"I";2010;120000;"Diesel";1493;112;"Nein";"Nein";"Zweite Hand";2145
"J";2015;110000;"Diesel";1248;75;"Nein";"Nein";"Erste Hand";6490
"J";2016;34000;"Benzin";1373;92;"Nein";"Nein";"Zweite Hand";7260
"G";2012;231438;"Diesel";1248;76;"Nein";"Nein";"Zweite Hand";1650
"E";2018;5500;"Benzin";1497;119;"Nein";"Nein";"Erste Hand";12980
"H";2015;70000;"Diesel";1997;122;"Nein";"Nein";"Erste Hand";8800
"J";2016;131111;"Diesel";1248;75;"Nein";"Nein";"Erste Hand";6545
"J";2007;70000;"Benzin";1061;68;"Nein";"Nein";"Zweite Hand";1100
"I";2011;80000;"Diesel";1396;91;"Nein";"Nein";"Zweite Hand";3740
"E";2014;56000;"Diesel";1498;100;"Nein";"Nein";"Zweite Hand";6930
"I";2013;110000;"Benzin";1197;84;"Nein";"Nein";"Erste Hand";3520
"J";1998;70000;"Benzin";796;35;"Nein";"Nein";"Erste Hand";880
"H";2011;110000;"Diesel";2179;122;"Nein";"Nein";"Zweite Hand";4400
"J";2016;20000;"Benzin";1197;83;"Nein";"Nein";"Erste Hand";6050
"D";2014;48000;"Diesel";1498;100;"Nein";"Nein";"Erste Hand";6270
"I";2017;60000;"Diesel";1396;90;"Nein";"Nein";"Erste Hand";7865
"J";2009;110000;"Benzin";1586;106;"Nein";"Nein";"Mehr als zweite Hand";2200
"H";2014;167000;"Diesel";2523;64;"Nein";"Nein";"Zweite Hand";3850
"A";2016;66000;"Diesel";1498;90;"Ja";"Nein";"Erste Hand";5940
"E";2015;50000;"Diesel";1498;100;"Nein";"Nein";"Erste Hand";4840
"A";2013;84000;"Diesel";1968;140;"Nein";"Ja";"Zweite Hand";9350
"J";2014;45000;"Benzin";1197;87;"Nein";"Nein";"Erste Hand";5500
"H";2012;120000;"Diesel";2179;117;"Nein";"Nein";"Zweite Hand";4070
"H";2015;140000;"Diesel";2179;142;"Nein";"Nein";"Erste Hand";10120
"I";2017;60000;"Diesel";1396;90;"Nein";"Nein";"Erste Hand";10527
"I";2019;20000;"Benzin";1197;83;"Nein";"Nein";"Erste Hand";6600
"D";2015;135000;"Diesel";1498;100;"Nein";"Nein";"Erste Hand";6600
"H";2018;20000;"Diesel";2179;140;"Nein";"Ja";"Erste Hand";16500
"J";2017;50000;"Diesel";1248;75;"Nein";"Nein";"Erste Hand";7645
"J";2006;40000;"Benzin";796;47;"Nein";"Nein";"Erste Hand";1100
"J";2014;74537;"Benzin";998;68;"Nein";"Nein";"Zweite Hand";3300
"G";2011;80000;"Diesel";1396;54;"Nein";"Nein";"Erste Hand";1100
"E";2013;100000;"Diesel";1498;100;"Nein";"Nein";"Erste Hand";4895
"I";2015;80000;"Diesel";1582;128;"Nein";"Nein";"Zweite Hand";6600
"I";2013;40000;"Benzin";814;56;"Nein";"Nein";"Erste Hand";2200
"D";2014;132000;"Diesel";1498;91;"Ja";"Nein";"Zweite Hand";5500
"D";2010;120000;"Diesel";1399;69;"Nein";"Nein";"Erste Hand";2200
"E";2016;56494;"Benzin";1199;90;"Ja";"Nein";"Erste Hand";6050
"J";2018;28000;"Benzin";1197;86;"Ja";"Nein";"Erste Hand";5390
"J";2017;47000;"Benzin";998;68;"Nein";"Nein";"Erste Hand";4510
"H";2012;80000;"Diesel";2179;142;"Nein";"Nein";"Mehr als zweite Hand";7150
"D";2006;114321;"Diesel";1399;69;"Nein";"Nein";"Zweite Hand";1980
"J";2012;70000;"Diesel";1248;75;"Nein";"Nein";"Mehr als zweite Hand";4180
"G";2013;60000;"Diesel";1396;70;"Nein";"Nein";"Zweite Hand";2508
"G";2009;150000;"Diesel";2179;140;"Nein";"Nein";"Erste Hand";4180
"I";2015;50000;"Diesel";1396;90;"Nein";"Nein";"Erste Hand";7865
"I";2017;56290;"Diesel";1186;75;"Ja";"Nein";"Erste Hand";4950
"G";2017;40000;"Benzin";1199;85;"Nein";"Nein";"Erste Hand";5720
"I";2019;80000;"Benzin";1197;83;"Nein";"Ja";"Erste Hand";6435
"I";2007;90000;"Benzin";1086;64;"Nein";"Nein";"Mehr als zweite Hand";1815
"I";2014;125000;"Diesel";1582;128;"Nein";"Nein";"Erste Hand";6600
"E";2016;110000;"Diesel";1498;100;"Nein";"Nein";"Erste Hand";7700
"D";2010;110000;"Diesel";1399;69;"Nein";"Nein";"Mehr als zweite Hand";2750
"J";2015;25000;"Benzin";998;68;"Nein";"Nein";"Erste Hand";3850
"J";2017;65000;"Diesel";1248;90;"Nein";"Nein";"Erste Hand";9900
"J";2013;150000;"Benzin";1197;87;"Nein";"Nein";"Zweite Hand";3575
"J";2007;100000;"Benzin";1061;68;"Nein";"Nein";"Mehr als zweite Hand";1375
"C";2010;40000;"Benzin";1199;81;"Nein";"Nein";"Zweite Hand";1320
"J";2016;108000;"Diesel";1248;90;"Ja";"Nein";"Erste Hand";7425
"H";2010;120000;"Diesel";2489;96;"Nein";"Nein";"Zweite Hand";3300
"B";2014;90000;"Diesel";1461;110;"Nein";"Nein";"Zweite Hand";6820
"I";2015;72000;"Diesel";1396;90;"Ja";"Nein";"Erste Hand";6435
"H";2014;75000;"Diesel";2179;142;"Ja";"Nein";"Erste Hand";9350
"J";1998;80000;"Benzin";796;38;"Nein";"Nein";"Mehr als zweite Hand";495
"J";2019;25000;"Diesel";1248;75;"Nein";"Nein";"Erste Hand";7425
"H";2011;110000;"Diesel";2179;142;"Nein";"Nein";"Zweite Hand";6325
"I";2014;60000;"Benzin";1197;83;"Nein";"Nein";"Erste Hand";4125
"B";2017;38000;"Benzin";999;68;"Nein";"Nein";"Erste Hand";3575
"J";2004;113000;"Benzin";796;47;"Nein";"Nein";"Zweite Hand";660
"F";2016;30000;"Diesel";2755;174;"Nein";"Ja";"Erste Hand";19800
"I";2012;51856;"Benzin";1197;81;"Ja";"Nein";"Mehr als zweite Hand";3520
"J";2020;1000;"Benzin";1197;83;"Nein";"Ja";"Erste Hand";7194
"F";2016;90000;"Diesel";2755;177;"Nein";"Ja";"Erste Hand";34100
"J";2017;36000;"Diesel";1248;75;"Nein";"Nein";"Erste Hand";7370
"J";2019;10000;"Benzin";1197;83;"Nein";"Nein";"Erste Hand";5500
"D";2012;90165;"Diesel";1399;68;"Ja";"Nein";"Erste Hand";4950
"H";2011;100000;"Diesel";2523;63;"Nein";"Nein";"Erste Hand";4400
"D";2019;9500;"Benzin";1196;88;"Nein";"Nein";"Erste Hand";5830
"J";2015;100000;"Diesel";1248;75;"Nein";"Nein";"Erste Hand";6600
"C";2012;60000;"Diesel";936;58;"Nein";"Nein";"Zweite Hand";1320
"A";2019;30000;"Benzin";999;76;"Nein";"Nein";"Zweite Hand";6050
"D";2010;30000;"Benzin";1196;71;"Nein";"Nein";"Erste Hand";4400
"J";2017;59500;"Benzin";998;68;"Nein";"Nein";"Zweite Hand";4631
"F";2013;100000;"Benzin";1496;90;"Nein";"Nein";"Zweite Hand";3850
"A";2019;36800;"Diesel";1498;89;"Ja";"Nein";"Erste Hand";7645
"C";2007;60000;"Benzin";1150;77;"Nein";"Nein";"Mehr als zweite Hand";1100
"J";2012;100000;"Benzin";1197;87;"Nein";"Nein";"Zweite Hand";3960
"H";2018;20000;"Diesel";2179;122;"Nein";"Nein";"Erste Hand";9350
"F";2007;260000;"Diesel";2494;103;"Nein";"Nein";"Mehr als zweite Hand";6600
"E";2019;7032;"Benzin";1199;90;"Ja";"Ja";"Erste Hand";8569
"I";2008;120000;"Benzin";1341;84;"Nein";"Nein";"Zweite Hand";1210
"J";2013;79139;"Benzin";1197;87;"Ja";"Nein";"Erste Hand";3740
"I";2008;128000;"Benzin";1086;63;"Nein";"Nein";"Erste Hand";1155
"J";2012;110000;"Diesel";1248;75;"Nein";"Nein";"Zweite Hand";4730
"D";2017;62960;"Diesel";1498;100;"Ja";"Nein";"Erste Hand";5500
"J";2015;50000;"Diesel";1248;75;"Nein";"Nein";"Erste Hand";6600
"I";2015;40000;"Diesel";1396;90;"Nein";"Nein";"Erste Hand";6050
"B";2015;125000;"Diesel";1461;85;"Nein";"Nein";"Erste Hand";6600
"J";2010;120000;"Diesel";1248;75;"Nein";"Nein";"Erste Hand";2387
"J";2018;69779;"Benzin";1197;83;"Ja";"Ja";"Erste Hand";6600
"H";2011;105000;"Diesel";1461;66;"Nein";"Nein";"Zweite Hand";2530
"E";2017;50000;"Diesel";1498;100;"Nein";"Nein";"Erste Hand";7370
"C";2013;56000;"Diesel";1248;75;"Ja";"Nein";"Erste Hand";2706
"G";2013;120000;"Diesel";1248;75;"Nein";"Nein";"Zweite Hand";2090
"E";2016;68000;"Benzin";1198;88;"Nein";"Nein";"Erste Hand";4400
"J";2018;25000;"Diesel";1248;90;"Nein";"Nein";"Erste Hand";10450
"J";2011;110000;"Benzin";1196;74;"Nein";"Nein";"Zweite Hand";1980
"J";2010;105000;"Benzin";796;47;"Nein";"Nein";"Erste Hand";1452
"J";2015;35000;"Benzin";1373;95;"Nein";"Nein";"Erste Hand";7700
"A";2011;100000;"Diesel";1598;105;"Nein";"Nein";"Zweite Hand";3300
"I";2013;60000;"Benzin";814;56;"Nein";"Nein";"Erste Hand";1980
"D";2006;201000;"Diesel";1399;69;"Nein";"Nein";"Erste Hand";605
"I";2010;70000;"Benzin";1197;80;"Nein";"Nein";"Zweite Hand";1980
"E";2019;7032;"Benzin";1199;90;"Ja";"Ja";"Erste Hand";8569
"G";2011;90000;"Diesel";1248;91;"Ja";"Nein";"Erste Hand";2090
"J";2018;25000;"Benzin";796;35;"Nein";"Nein";"Erste Hand";2200
"I";2018;60000;"Benzin";1591;123;"Nein";"Nein";"Erste Hand";12100
"J";2016;23700;"Benzin";1197;83;"Nein";"Nein";"Erste Hand";5170
"G";2015;155000;"Diesel";1248;75;"Nein";"Nein";"Zweite Hand";2750
"F";2016;68089;"Benzin";2494;160;"Ja";"Ja";"Erste Hand";22000
"J";2010;30000;"Benzin";796;47;"Nein";"Nein";"Mehr als zweite Hand";1815
"J";2018;15000;"Benzin";1197;83;"Nein";"Ja";"Erste Hand";6820
"E";2019;7032;"Benzin";1199;90;"Ja";"Ja";"Erste Hand";8569
"J";2017;18484;"Benzin";1197;83;"Nein";"Nein";"Erste Hand";6820
"E";2008;90000;"Benzin";1799;132;"Nein";"Nein";"Mehr als zweite Hand";4125
"J";2010;176062;"Diesel";1248;76;"Nein";"Nein";"Erste Hand";4400
"H";2008;78000;"Diesel";1997;122;"Ja";"Nein";"Erste Hand";4950
"G";2012;110000;"Diesel";1396;70;"Nein";"Nein";"Zweite Hand";1738
"F";2013;70000;"Diesel";2494;102;"Nein";"Nein";"Erste Hand";7700
"I";2008;60000;"Benzin";1086;68;"Nein";"Nein";"Mehr als zweite Hand";1705
"H";2011;120000;"Diesel";2523;64;"Nein";"Nein";"Mehr als zweite Hand";4070
"F";2017;81000;"Diesel";2393;150;"Nein";"Nein";"Erste Hand";15950
"J";2015;40000;"Benzin";796;48;"Nein";"Nein";"Erste Hand";2695
"I";2013;70000;"Benzin";1197;84;"Nein";"Nein";"Erste Hand";3740
"J";2011;188000;"Diesel";1248;76;"Nein";"Nein";"Zweite Hand";3355
"B";2018;20000;"Benzin";799;54;"Nein";"Nein";"Erste Hand";3740
"B";2018;13120;"Benzin";799;54;"Nein";"Nein";"Erste Hand";4290
"I";2019;19000;"Benzin";1197;83;"Nein";"Nein";"Erste Hand";7700
"J";2008;120000;"Benzin";796;35;"Nein";"Nein";"Zweite Hand";1100
"I";2019;4000;"Benzin";1197;83;"Nein";"Nein";"Erste Hand";7623
"D";2016;73000;"Diesel";1498;100;"Nein";"Nein";"Erste Hand";5060
"I";2019;13000;"Diesel";1396;90;"Nein";"Nein";"Erste Hand";9174
"G";2010;148000;"Diesel";1396;70;"Nein";"Nein";"Zweite Hand";1485
"I";2017;60000;"Diesel";1396;90;"Nein";"Nein";"Erste Hand";10527
"H";2013;80000;"Diesel";2523;64;"Nein";"Nein";"Erste Hand";4400
"J";2018;70000;"Diesel";1248;75;"Nein";"Nein";"Erste Hand";7480
"E";2019;7032;"Benzin";1199;90;"Ja";"Ja";"Erste Hand";8569
"I";2011;155000;"Diesel";1396;91;"Nein";"Nein";"Erste Hand";3520
"J";2015;60000;"Diesel";1248;90;"Nein";"Nein";"Mehr als zweite Hand";6600
"E";2018;1000;"Benzin";1497;119;"Nein";"Ja";"Erste Hand";11935
"H";2012;165000;"Diesel";2523;63;"Nein";"Nein";"Erste Hand";4950
"C";2013;100000;"Diesel";1248;75;"Nein";"Nein";"Mehr als zweite Hand";3850
"J";2007;90000;"Benzin";796;47;"Nein";"Nein";"Zweite Hand";1430
"F";2005;96000;"Benzin";1794;127;"Nein";"Nein";"Zweite Hand";3025
"F";2010;220000;"Diesel";2982;173;"Nein";"Nein";"Zweite Hand";11550
"D";2014;80000;"Diesel";1399;69;"Nein";"Nein";"Erste Hand";3300
"J";2000;56194;"Benzin";796;38;"Nein";"Nein";"Mehr als zweite Hand";341
"J";2017;12000;"Benzin";998;68;"Nein";"Nein";"Erste Hand";4675
"J";2010;60000;"Benzin";1197;87;"Nein";"Nein";"Zweite Hand";3520
"H";2013;173000;"Diesel";2179;122;"Nein";"Nein";"Erste Hand";5269
"J";2018;50000;"Diesel";1248;75;"Nein";"Nein";"Erste Hand";8360
"E";2019;20000;"Benzin";1199;90;"Nein";"Nein";"Erste Hand";7370
"J";2017;40000;"Benzin";796;35;"Nein";"Nein";"Erste Hand";2420
"I";2016;25000;"Benzin";1591;123;"Nein";"Nein";"Erste Hand";8800
"J";2010;100000;"Benzin";796;47;"Nein";"Nein";"Erste Hand";1870
"H";2006;120000;"Diesel";2523;84;"Nein";"Nein";"Zweite Hand";1870
"I";2017;40000;"Diesel";1396;90;"Nein";"Nein";"Erste Hand";8041
"F";2012;100000;"Benzin";1794;140;"Nein";"Ja";"Erste Hand";6050
"J";2013;58343;"Benzin";998;68;"Ja";"Nein";"Erste Hand";2475
"G";2013;80000;"Diesel";2197;140;"Nein";"Nein";"Zweite Hand";4950
"J";2016;38000;"Benzin";1196;74;"Nein";"Nein";"Erste Hand";4312
"H";2009;70000;"Diesel";2523;64;"Nein";"Nein";"Zweite Hand";2970
"I";2016;10000;"Benzin";1197;83;"Nein";"Nein";"Erste Hand";6600
"J";2018;40000;"Benzin";998;68;"Nein";"Nein";"Erste Hand";3850
"J";2018;4773;"Benzin";1197;83;"Ja";"Nein";"Erste Hand";8030
"I";2019;10000;"Diesel";1396;90;"Nein";"Nein";"Erste Hand";9350
"F";2016;127700;"Diesel";2755;174;"Ja";"Ja";"Zweite Hand";18150
"I";2012;100000;"Diesel";1582;128;"Nein";"Nein";"Zweite Hand";4510
"J";2017;19000;"Diesel";1248;75;"Nein";"Ja";"Erste Hand";8250
"F";2013;79328;"Diesel";2494;102;"Ja";"Nein";"Zweite Hand";8250
"J";2005;40000;"Benzin";796;47;"Nein";"Nein";"Zweite Hand";990
"H";2011;80000;"Diesel";2179;122;"Nein";"Nein";"Zweite Hand";6050
"I";2016;80000;"Diesel";1396;90;"Nein";"Nein";"Erste Hand";7920
"J";2018;46000;"Diesel";1248;75;"Nein";"Nein";"Erste Hand";6930
"E";2018;43000;"Diesel";1498;100;"Nein";"Nein";"Erste Hand";7700
"I";2015;108000;"Diesel";1582;128;"Nein";"Nein";"Erste Hand";9350
"J";2017;37000;"Benzin";1197;83;"Ja";"Nein";"Erste Hand";6820
"I";2018;25000;"Diesel";1396;90;"Nein";"Nein";"Erste Hand";13310
"J";2010;170000;"Benzin";1196;74;"Nein";"Nein";"Mehr als zweite Hand";1650
"I";2011;70000;"Benzin";1197;80;"Nein";"Nein";"Erste Hand";2750
"E";2012;60000;"Benzin";1198;88;"Nein";"Nein";"Erste Hand";2915
"I";2007;120000;"Diesel";1493;112;"Nein";"Nein";"Zweite Hand";2695
"J";2016;90000;"Benzin";796;35;"Nein";"Nein";"Erste Hand";2420
"J";2009;40000;"Benzin";796;38;"Nein";"Nein";"Erste Hand";1430
"E";2014;100000;"Diesel";1498;100;"Nein";"Nein";"Zweite Hand";6160
"J";2018;30000;"Benzin";998;68;"Nein";"Ja";"Erste Hand";5170
"A";2011;120000;"Diesel";1896;106;"Nein";"Nein";"Zweite Hand";3850
"I";2016;38000;"Benzin";1197;83;"Nein";"Nein";"Erste Hand";5940
"I";2018;80000;"Diesel";1186;75;"Nein";"Nein";"Erste Hand";6270
"I";2015;100000;"Benzin";1197;83;"Nein";"Ja";"Erste Hand";4400
"J";2020;5500;"Benzin";1197;83;"Nein";"Nein";"Erste Hand";8239
"B";2012;100000;"Diesel";1461;64;"Nein";"Nein";"Mehr als zweite Hand";3300
"J";2017;34000;"Diesel";1248;75;"Nein";"Nein";"Zweite Hand";6875
"J";2015;100000;"Diesel";1248;75;"Nein";"Nein";"Zweite Hand";6303
"J";2019;10000;"Benzin";1197;83;"Nein";"Nein";"Erste Hand";6116
"F";2017;25538;"Benzin";1496;90;"Ja";"Nein";"Erste Hand";6875
"B";2017;20171;"Diesel";1461;110;"Ja";"Ja";"Erste Hand";8250
"J";2015;80000;"Diesel";1248;75;"Nein";"Nein";"Erste Hand";6600
"I";2019;19500;"Benzin";1086;69;"Ja";"Nein";"Erste Hand";4785
"J";2015;23000;"Diesel";1248;75;"Nein";"Nein";"Erste Hand";6050
"E";2012;144030;"Benzin";2354;180;"Nein";"Nein";"Erste Hand";6600
"G";2011;80000;"Diesel";2179;140;"Nein";"Nein";"Zweite Hand";3300
"G";2018;35000;"Benzin";1199;85;"Nein";"Nein";"Erste Hand";5665
"I";2017;56290;"Diesel";1186;75;"Ja";"Nein";"Erste Hand";4950
"J";2016;25000;"Benzin";998;68;"Nein";"Nein";"Erste Hand";4400
"I";2014;72000;"Benzin";1197;83;"Ja";"Nein";"Erste Hand";4565
"J";2010;120000;"Diesel";1248;75;"Nein";"Nein";"Mehr als zweite Hand";2365
"A";2011;106000;"Diesel";1968;140;"Nein";"Ja";"Zweite Hand";6050
"J";2009;90000;"Diesel";1248;75;"Nein";"Nein";"Erste Hand";2640
"H";2018;40000;"Diesel";2179;142;"Nein";"Nein";"Erste Hand";16500
"C";2014;90000;"Diesel";936;57;"Nein";"Nein";"Zweite Hand";2035
"B";2018;35000;"Benzin";999;68;"Nein";"Nein";"Erste Hand";4510
"D";2018;24000;"Diesel";1498;100;"Nein";"Nein";"Erste Hand";8206
"H";2011;190000;"Diesel";1461;66;"Nein";"Nein";"Mehr als zweite Hand";1980
"J";2018;16000;"Diesel";1248;75;"Ja";"Ja";"Erste Hand";8690
"J";2017;10000;"Benzin";998;68;"Nein";"Ja";"Erste Hand";4950
"F";2008;219000;"Diesel";2494;103;"Nein";"Nein";"Zweite Hand";5500
"G";2007;120000;"Diesel";1396;54;"Nein";"Nein";"Mehr als zweite Hand";715
"I";2016;39000;"Diesel";1582;128;"Ja";"Nein";"Erste Hand";9020
"G";2010;140000;"Diesel";1248;76;"Nein";"Nein";"Erste Hand";2530
"G";2010;120000;"Diesel";1248;90;"Nein";"Nein";"Zweite Hand";1650
"J";2008;90000;"Benzin";998;68;"Nein";"Nein";"Zweite Hand";1485
"I";2004;120000;"Benzin";1599;95;"Nein";"Nein";"Mehr als zweite Hand";1210
"G";2018;50000;"Diesel";1047;70;"Nein";"Nein";"Erste Hand";5500
"I";2017;70000;"Diesel";1120;72;"Nein";"Nein";"Zweite Hand";6050
"I";2019;27000;"Diesel";1396;90;"Nein";"Nein";"Erste Hand";11550
"J";2017;58000;"Benzin";796;48;"Nein";"Nein";"Erste Hand";3025
"F";2017;25538;"Benzin";1496;90;"Ja";"Nein";"Erste Hand";6875
"B";2018;10000;"Benzin";799;54;"Nein";"Nein";"Erste Hand";3740
"D";2010;48000;"Benzin";1196;71;"Nein";"Nein";"Erste Hand";2750
"C";2009;80000;"Benzin";1598;104;"Nein";"Nein";"Zweite Hand";2750
"I";2019;9000;"Benzin";1197;83;"Ja";"Nein";"Erste Hand";8635
"D";2011;180000;"Diesel";1399;69;"Nein";"Nein";"Zweite Hand";1430
"I";2016;49200;"Benzin";814;56;"Nein";"Nein";"Erste Hand";3025
"C";2015;50000;"Benzin";1199;84;"Nein";"Nein";"Erste Hand";3850
"I";2016;47000;"Benzin";814;56;"Ja";"Nein";"Erste Hand";3025
"E";2006;100000;"Benzin";1497;79;"Nein";"Nein";"Zweite Hand";2200
"D";2013;90000;"Benzin";1596;101;"Nein";"Nein";"Erste Hand";3850
"J";2009;100000;"Benzin";796;47;"Nein";"Nein";"Erste Hand";1265
"G";2010;65000;"Benzin";1193;65;"Nein";"Nein";"Erste Hand";3190
"D";2011;70000;"Diesel";1399;69;"Nein";"Nein";"Zweite Hand";2255
"E";2015;46000;"Diesel";1498;100;"Nein";"Nein";"Erste Hand";11000
"A";2011;80000;"Diesel";1598;105;"Nein";"Nein";"Zweite Hand";3300
"G";2012;35000;"Diesel";1396;70;"Nein";"Nein";"Erste Hand";2849
"J";2019;10000;"Benzin";1196;74;"Nein";"Nein";"Erste Hand";4510
"H";2019;35000;"Diesel";1493;71;"Nein";"Nein";"Erste Hand";8140
"F";2015;40000;"Diesel";2494;102;"Nein";"Nein";"Erste Hand";12650
"E";2015;63000;"Diesel";1498;100;"Ja";"Nein";"Erste Hand";5775
"C";2016;30000;"Benzin";1199;84;"Nein";"Nein";"Erste Hand";4400
"J";2010;190000;"Diesel";1248;76;"Nein";"Nein";"Zweite Hand";2200
"J";2008;48676;"Benzin";796;35;"Nein";"Nein";"Erste Hand";1210
"J";2014;70000;"Diesel";1248;75;"Nein";"Nein";"Zweite Hand";6270
"G";2016;120000;"Diesel";2179;150;"Nein";"Nein";"Erste Hand";9900
"I";2017;5000;"Benzin";1197;83;"Nein";"Nein";"Erste Hand";6600
"J";2018;15000;"Benzin";796;48;"Nein";"Nein";"Zweite Hand";3300
"H";2016;71000;"Diesel";1493;101;"Nein";"Nein";"Erste Hand";8250
"E";2015;80000;"Benzin";1199;90;"Nein";"Ja";"Erste Hand";6600
"E";2019;7032;"Benzin";1199;90;"Ja";"Ja";"Erste Hand";8569
"F";2017;50000;"Diesel";2755;174;"Nein";"Ja";"Erste Hand";23925
"G";2015;110000;"Diesel";2179;150;"Nein";"Nein";"Erste Hand";5533
"J";2009;117000;"Diesel";1248;76;"Nein";"Nein";"Erste Hand";3069
"J";2015;120000;"Diesel";1248;90;"Nein";"Nein";"Zweite Hand";7700
"E";2019;7032;"Benzin";1199;90;"Ja";"Ja";"Erste Hand";8569
"G";2008;100000;"Benzin";1193;66;"Nein";"Nein";"Erste Hand";2750
"J";2017;40000;"Benzin";998;68;"Nein";"Nein";"Erste Hand";4202
"J";2018;40000;"Benzin";1197;83;"Nein";"Ja";"Erste Hand";5500
"J";2017;20000;"Benzin";998;68;"Nein";"Ja";"Erste Hand";4730
"J";2006;150000;"Benzin";796;47;"Nein";"Nein";"Zweite Hand";935
"A";2017;34000;"Diesel";1498;110;"Nein";"Ja";"Erste Hand";6875
"J";2009;90000;"Benzin";796;47;"Nein";"Nein";"Mehr als zweite Hand";1870
"J";2012;48000;"Benzin";998;68;"Nein";"Nein";"Erste Hand";2772
"E";2014;27233;"Diesel";1498;100;"Ja";"Nein";"Erste Hand";5115
"I";2013;40000;"Benzin";814;56;"Nein";"Nein";"Zweite Hand";3190
"H";2017;90000;"Diesel";2179;122;"Nein";"Nein";"Erste Hand";11550
"G";2018;35000;"Benzin";1193;90;"Nein";"Nein";"Erste Hand";5060
"J";2009;59000;"Benzin";796;47;"Nein";"Nein";"Zweite Hand";1870
"F";2015;25000;"Diesel";1364;68;"Nein";"Nein";"Erste Hand";4950
"J";2008;19000;"Benzin";796;47;"Nein";"Nein";"Erste Hand";1408
"D";2016;45217;"Diesel";1498;100;"Ja";"Nein";"Erste Hand";4400
"J";2015;15000;"Diesel";1248;90;"Nein";"Nein";"Erste Hand";8800
"H";2019;28000;"Diesel";2179;155;"Nein";"Nein";"Erste Hand";17050
"I";2016;80000;"Benzin";1197;83;"Nein";"Nein";"Erste Hand";4400
"F";2005;200000;"Diesel";2494;103;"Nein";"Nein";"Zweite Hand";3410
